{"pool_tc_per_ha_mean":21.955974284,"pool_tc_per_ha_std":7.747303095,"pool_tc_sum_mean":4050127.9614942181,"area_sum_mean":184465.8728924316}